category_id,title
621,White granulated cane sugar 1 kg
623,Erythritol granules for sugar-free baking 500 g
487,Unsweetened oat drink for breakfast cereal 1 L
492,Box of six free-range hen eggs
651,Roasted chicory granules to brew instead of coffee
629,Pure unsweetened cocoa powder for baking 125 g
605,Dried chickpeas 500 g
662,Vanilla protein shake powder to mix with water
550,Soft dried apricots 250 g
441,Raw chilled Atlantic salmon fillet
634,Precooked brown rice and vegetable microwave meal
447,Smoked Atlantic salmon slices sold frozen
496,Sunflower cooking oil 1 L
641,First infant milk formula powder from birth 800 g
77,"School-crest blazer required for the uniform, age 12"
75,Women's knitted cardigan
214,Bicycle crash helmet for commuting
289,Helmet for downhill skiing
384,Men's leather wallet
182,Monthly disposable prescription contact lenses
185,Workshop repair of a faulty hearing aid
147,Bagless vacuum cleaner for the home
254,Cyan toner refill for a home laser printer
260,Annual licence for a password-manager app
132,Bedside reading lamp
264,Monthly 200 GB cloud storage for photo backups
324,Purchased download of an unabridged mystery audiobook
376,Wash and haircut at the local salon
315,Purchased FLAC download of a jazz album
304,Monthly subscription to play an online video game
324,Printed paperback adventure novel
307,Wash and coat trim for a pet dog at the groomer
220,Locksmith labour to repair a jammed car door lock
103,Locksmith labour to repair the home's front door lock
294,Potted rose bush for the garden
306,Hire of a camping tent for the weekend
310,Six-day ski-lift pass at a mountain ski resort
240,Single fare on the city's commuter cable car
236,One-way flight from Manchester to Edinburgh
233,Term pass for the students-only bus to school
348,Lunch purchased in the workplace staff cafeteria
351,One night in a shared dormitory at an alpine mountain refuge
106,Metered tap-water supply on monthly utility bill
194,45-minute speech-therapy appointment at an outpatient clinic
191,"Routine preventive dental check-up at a hospital, no overnight stay"
188,Clinic flu-vaccination fee including the vaccine
358,Annual home buildings insurance premium
339,One-to-one GCSE maths tutoring session
320,Private beginner piano lesson for a hobby musician
394,Solicitor's consultation about a disputed consumer contract
