category_id,title
650,Espresso Pulver
654,Schwarzer Tee
659,Kaba
586,Bioland Möhren
489,Fol Epi Sch.Carac.
374,ebelin Haarschmuck 18St
633,KATJES EASYLIFE
633,WUNDERLAND SAUER
627,SALTED CARAMEL
636,GEMUESESTAEBCHEN
340,Sprachkurs Spanisch
415,dmBio 4-Korn Flocken 500g
634,VEGANE MAULT.
489,KOER FRISCHK
590,CHAMPIGNONS
594,FENCHEL
566,KOHLRABI
646,DELIKATESS SENF
155,ROTWEINGLAS X2
595,KART.FESTK.
490,ALPRO ROTE FRUE.
384,Windeln
168,Profissimo Einmalhandschuhe latexfrei
416,Penne
374,ebelin Bunte Wattestäbchen
167,Denkmit Waschmasch.rein.250ml
176,Altapharma Japanisches Heilpflanzenöl
309,Eintritt Aquarena
416,Spätzle
374,"Medizinische Sonnencreme LSF 50+ sensitiv"